team,player,period,min,sec,pass zone,x,y,x_end,y_end,pass length,pass angle,outcome
Leganés,Óscar Rodríguez,1,0,1,Back,49.8,50.6,30.6,62.9,21.8,2.7,1
Leganés,Dimitrios Siovas,1,0,5,Right,30.6,62.9,60.8,6.1,50.0,5.4,0
Levante,Antonio Luna,1,0,8,Left,39.4,95.1,51.2,84.8,14.2,5.8,0
Leganés,Rubén Pérez,1,0,9,Back,45.8,24.0,43.3,3.4,14.3,4.5,1
Leganés,Allan Nyom,1,0,11,Back,43.3,3.4,22.5,7.4,22.0,3.0,1
Leganés,Diego Reyes,1,0,13,Back,22.5,7.4,6.1,30.0,23.1,2.4,1
Leganés,Iván Cuéllar,1,0,15,Back,6.1,30.0,45.1,30.3,41.0,0.0,0
Levante,José Campaña,1,0,17,Center,57.6,67.8,68.5,74.8,12.4,0.4,0
Leganés,Allan Nyom,1,0,18,Back,35.4,27.7,37.8,31.6,3.7,0.8,1
Levante,Enis Bardhi,1,0,21,Center,65.2,65.8,53.3,34.0,25.0,4.2,1
Levante,Erick Cabaco,1,0,26,Right,64.4,18.0,100.0,11.3,38.4,6.2,0
Leganés,Iván Cuéllar,1,0,52,Center,4.6,49.9,60.9,68.8,60.5,0.2,1
Leganés,Guido Carrillo,1,0,56,Center,60.9,68.8,68.8,51.8,14.2,5.3,1
Leganés,Óscar Rodríguez,1,0,57,Center,64.5,52.0,71.1,51.1,7.0,6.2,0
Levante,Rober Pier,1,0,58,Back,26.0,45.2,36.3,46.7,10.9,0.1,1
Levante,Rúben Vezo,1,1,0,Center,36.3,46.7,53.4,66.0,22.2,0.6,0
Leganés,Diego Reyes,1,1,2,Center,48.5,31.3,53.6,34.0,5.7,0.3,1
Leganés,Rubén Pérez,1,1,3,Right,53.6,34.0,55.9,0.0,24.2,4.8,0
Levante,Antonio Luna,1,1,22,Back,47.2,100.0,46.0,57.9,29.6,4.7,0
Leganés,Recio,1,1,34,Center,61.4,71.9,65.4,62.7,7.5,5.3,1
Leganés,Rubén Pérez,1,1,34,Left,68.3,64.8,64.1,87.4,16.0,1.9,1
Leganés,Recio,1,1,37,Back,64.1,87.4,45.3,62.6,26.0,3.8,1
Leganés,Rubén Pérez,1,1,41,Back,45.3,62.6,45.1,40.6,15.0,4.7,1
Leganés,Kenneth Omeruo,1,1,42,Back,44.9,36.4,48.4,8.0,19.7,4.9,1
Leganés,Diego Reyes,1,1,47,Back,53.5,8.0,43.5,21.5,13.9,2.4,1
Leganés,Kenneth Omeruo,1,1,52,Back,43.5,21.5,41.5,81.8,41.1,1.6,1
Leganés,Dimitrios Siovas,1,1,57,Center,58.2,96.3,77.0,63.0,30.0,5.4,1
Leganés,Guido Carrillo,1,2,2,Center,71.3,53.0,69.0,25.2,19.1,4.6,1
Leganés,Diego Reyes,1,2,5,Right,70.7,23.7,80.7,2.0,18.1,5.3,1
Leganés,Allan Nyom,1,2,7,Right,80.7,2.0,90.7,7.1,11.1,0.3,1
Levante,Aitor Fernández,1,2,40,Left,3.9,59.9,54.9,93.6,58.2,0.4,1
Levante,José Campaña,1,3,6,Left,55.1,91.2,58.4,84.4,5.8,5.4,1
Levante,Borja Mayoral,1,3,7,Back,57.7,86.5,46.8,91.5,11.9,2.9,1
Levante,José Campaña,1,3,9,Back,45.7,89.6,34.7,47.5,30.9,4.3,1
Levante,Rúben Vezo,1,3,13,Back,35.0,46.6,40.1,90.5,30.3,1.4,1
Levante,Rober Pier,1,3,17,Left,42.6,85.7,73.2,100.0,33.9,0.3,0
Leganés,Diego Reyes,1,3,31,Back,29.3,0.0,44.0,2.3,15.7,0.2,1
Leganés,Allan Nyom,1,3,33,Back,44.0,2.3,48.5,11.3,7.7,0.9,1
Leganés,Guido Carrillo,1,3,35,Right,48.5,11.3,57.4,7.9,9.6,6.0,1
Leganés,Allan Nyom,1,3,47,Right,68.6,0.0,61.3,10.6,11.5,2.3,1
Leganés,Rubén Pérez,1,3,51,Back,58.2,3.2,45.3,1.6,13.6,3.2,1
Leganés,Diego Reyes,1,3,53,Back,45.3,1.6,19.9,31.8,33.7,2.5,1
Leganés,Iván Cuéllar,1,4,1,Center,18.8,65.1,55.1,65.1,38.1,0,1
Leganés,Guido Carrillo,1,4,5,Center,55.1,65.1,52.0,70.3,4.8,2.3,1
Leganés,Recio,1,4,6,Left,52.0,70.3,60.9,94.4,18.9,1.1,1
Leganés,Vasyl Kravets,1,4,9,Left,60.9,94.4,51.8,90.8,9.9,3.4,1
Leganés,Recio,1,4,10,Back,46.8,87.7,36.5,58.1,22.8,4.2,1
Leganés,Kenneth Omeruo,1,4,12,Back,36.5,55.4,42.4,10.4,31.2,4.9,1
Leganés,Diego Reyes,1,4,18,Center,59.6,10.9,73.8,33.6,21.5,0.8,0
Levante,Rúben Vezo,1,4,20,Back,24.3,67.2,30.2,57.2,9.2,5.5,0
Leganés,Óscar Rodríguez,1,5,17,Center,65.2,65.2,52.2,61.5,13.9,3.3,1
Leganés,Kenneth Omeruo,1,5,19,Left,52.2,61.5,78.0,89.3,33.0,0.6,1
Leganés,Dimitrios Siovas,1,5,21,Left,82.3,92.5,83.8,88.6,3.1,5.2,0
Leganés,Recio,1,5,25,Left,97.1,84.5,89.9,94.5,10.2,2.4,1
Leganés,Dimitrios Siovas,1,5,28,Left,94.8,94.5,94.8,89.4,3.5,4.7,0
Leganés,Óscar Rodríguez,1,5,59,Center,99.5,99.5,95.2,58.1,28.5,4.6,0
Leganés,Iván Cuéllar,1,6,13,Back,19.5,68.8,28.8,36.0,24.3,5.1,1
Leganés,Kenneth Omeruo,1,6,16,Back,28.8,36.0,33.7,45.4,8.2,0.9,1
Leganés,Rubén Pérez,1,6,19,Back,34.8,44.8,42.6,11.6,24.0,5.1,1
Leganés,Diego Reyes,1,6,22,Back,43.0,10.4,34.3,23.9,13.0,2.4,1
Leganés,Kenneth Omeruo,1,6,25,Back,35.2,22.8,44.9,3.8,16.5,5.4,1
Leganés,Diego Reyes,1,6,29,Center,47.8,3.7,74.5,32.4,34.2,0.6,0
Leganés,Allan Nyom,1,6,35,Right,62.8,0.0,66.7,8.9,8.4,1.1,1
Leganés,Óscar Rodríguez,1,6,38,Right,66.5,8.5,67.8,2.2,4.5,5.0,1
Leganés,Allan Nyom,1,6,40,Right,67.8,2.2,59.6,2.5,8.6,3.1,1
Leganés,Óscar Rodríguez,1,6,41,Back,59.6,2.5,42.2,6.2,18.4,3.0,1
Leganés,Diego Reyes,1,6,44,Right,42.2,6.2,52.3,18.5,13.5,0.7,1
Leganés,Rubén Pérez,1,6,49,Left,52.7,34.5,52.7,84.7,34.1,1.6,1
Leganés,Dimitrios Siovas,1,6,57,Center,59.2,80.5,51.9,67.3,11.8,4.0,1
Leganés,Rubén Pérez,1,7,1,Back,51.6,65.5,43.3,47.0,15.3,4.1,1
Leganés,Kenneth Omeruo,1,7,2,Right,43.3,47.0,52.5,7.9,28.3,5.1,1
Leganés,Diego Reyes,1,7,7,Center,60.2,4.0,69.4,22.7,16.0,0.9,1
Levante,José Campaña,1,7,11,Back,36.2,74.8,46.3,58.1,15.5,5.5,1
Levante,Borja Mayoral,1,7,14,Back,45.4,56.6,45.7,44.2,8.4,4.7,1
Levante,Enis Bardhi,1,7,16,Right,45.8,42.1,55.2,6.2,26.3,5.1,1
Levante,Moses Simon,1,7,21,Right,56.0,6.2,87.6,1.7,33.3,6.2,0
Levante,Moses Simon,1,7,39,Right,87.0,0.0,84.9,8.2,7.1,1.9,1
Levante,Enis Bardhi,1,7,40,Right,84.9,8.2,83.3,1.9,4.6,4.3,1
Levante,Moses Simon,1,7,55,Right,79.7,0.0,72.2,6.8,9.4,2.6,1
Leganés,Recio,1,8,1,Back,26.2,94.4,41.6,84.9,17.4,5.9,1
Leganés,Martin Braithwaite,1,8,2,Back,41.9,84.9,37.3,82.8,5.0,3.4,1
Leganés,Guido Carrillo,1,8,3,Back,37.6,55.7,33.5,33.6,15.6,4.4,1
Leganés,Diego Reyes,1,8,4,Back,33.5,33.6,40.5,7.3,19.3,5.1,1
Leganés,Allan Nyom,1,8,10,Back,44.3,25.0,44.8,33.7,5.9,1.5,1
Leganés,Rubén Pérez,1,8,11,Back,44.8,33.7,34.4,14.4,17.1,4.0,1
Leganés,Diego Reyes,1,8,12,Back,34.4,14.4,40.9,3.4,10.1,5.5,1
Leganés,Óscar Rodríguez,1,8,17,Back,32.1,25.6,23.9,35.2,10.8,2.5,1
Leganés,Kenneth Omeruo,1,8,19,Back,25.3,29.5,33.6,7.3,17.4,5.2,1
Leganés,Diego Reyes,1,8,22,Right,41.8,6.5,55.8,14.6,15.7,0.4,0
Leganés,Diego Reyes,1,8,47,Back,40.0,9.7,31.3,25.8,14.3,2.3,1
Leganés,Kenneth Omeruo,1,8,48,Back,26.6,27.1,14.0,52.1,21.5,2.2,1
Leganés,Iván Cuéllar,1,8,51,Back,17.5,45.4,26.6,28.5,14.9,5.4,1
Leganés,Kenneth Omeruo,1,8,54,Back,30.1,27.7,43.6,6.1,20.4,5.5,1
Leganés,Diego Reyes,1,8,55,Right,43.6,6.1,63.5,16.8,22.1,0.3,0
Levante,Antonio Luna,1,8,59,Back,36.8,86.3,38.5,71.3,10.4,4.9,1
Levante,José Campaña,1,9,0,Center,37.7,72.3,50.6,27.7,33.2,5.1,0
Leganés,Vasyl Kravets,1,9,5,Back,48.8,75.3,34.1,69.0,16.0,3.4,1
Leganés,Dimitrios Siovas,1,9,12,Left,36.9,70.5,63.9,89.4,31.1,0.4,1
Leganés,Guido Carrillo,1,9,16,Left,62.5,93.8,57.6,96.8,5.5,2.8,1
Leganés,Vasyl Kravets,1,9,18,Back,57.6,96.8,38.0,84.5,22.2,3.5,1
Leganés,Dimitrios Siovas,1,9,20,Back,38.0,84.5,18.7,61.8,25.5,3.8,1
Leganés,Iván Cuéllar,1,9,23,Back,18.7,61.8,35.4,11.7,38.3,5.2,1
Leganés,Diego Reyes,1,9,29,Back,40.7,12.8,41.0,31.5,12.7,1.5,1
Leganés,Rubén Pérez,1,9,32,Center,43.5,33.0,64.0,33.0,21.5,0,1
Leganés,Óscar Rodríguez,1,9,34,Center,64.0,33.0,61.2,36.6,3.8,2.4,1
Leganés,Recio,1,9,34,Center,61.2,36.6,66.7,37.7,5.8,0.1,1
Leganés,Óscar Rodríguez,1,9,38,Center,77.4,63.6,91.7,75.0,16.9,0.5,1
Leganés,Vasyl Kravets,1,9,39,Center,91.9,71.7,89.7,51.8,13.7,4.5,1
Levante,Aitor Fernández,1,10,22,Back,3.5,49.9,8.7,81.7,22.3,1.3,1
Levante,Rober Pier,1,10,25,Back,8.1,75.1,31.9,25.8,41.8,5.4,1
Leganés,Recio,1,10,35,Center,88.0,66.0,100.0,66.8,14.3,0.0,0
Levante,Aitor Fernández,1,11,4,Left,4.1,51.5,51.9,86.2,55.5,0.4,1
Levante,Jason,1,11,7,Left,51.9,86.2,58.3,87.7,6.8,0.2,1
Levante,José Luis Morales,1,11,9,Back,55.4,89.4,47.4,81.7,9.9,3.7,1
Levante,José Campaña,1,11,28,Back,55.2,88.4,49.2,72.4,12.6,4.2,1
Levante,Rober Pier,1,11,30,Right,48.0,70.5,55.9,15.8,38.1,4.9,1
Levante,Erick Cabaco,1,11,34,Center,54.6,12.3,79.5,25.5,27.6,0.3,0
Levante,Antonio Luna,1,12,36,Center,79.2,8.3,80.0,43.4,23.9,1.5,0
Leganés,Rubén Pérez,1,12,43,Center,41.5,72.1,69.6,57.6,31.1,6.0,0
Levante,Borja Mayoral,1,13,58,Back,49.9,49.9,32.0,72.3,24.2,2.5,1
Levante,Rober Pier,1,14,1,Back,32.0,72.3,28.8,44.0,19.5,4.5,1
Levante,Rúben Vezo,1,14,6,Back,28.8,44.0,39.0,77.2,25.0,1.1,1
Levante,José Campaña,1,14,12,Center,46.1,77.3,51.9,21.3,38.6,4.9,1
Levante,Erick Cabaco,1,14,16,Center,55.7,22.2,85.1,55.2,38.2,0.6,0
Leganés,Allan Nyom,1,14,22,Back,11.2,9.8,14.2,9.2,3.2,6.2,0
Leganés,Rubén Pérez,1,14,26,Back,26.2,17.6,48.2,45.2,29.8,0.7,0
Levante,Rúben Vezo,1,14,28,Center,54.7,52.4,67.4,44.8,14.3,5.9,0
Levante,José Campaña,1,14,32,Left,56.3,72.7,64.4,93.3,16.4,1.0,1
Levante,Enis Bardhi,1,14,37,Left,80.0,89.4,84.6,98.1,7.6,0.9,1
Levante,Antonio Luna,1,14,39,Center,78.3,95.3,85.8,76.0,15.3,5.3,1
Leganés,Iván Cuéllar,1,15,16,Center,4.5,54.0,52.8,23.9,54.7,5.9,0
Levante,José Campaña,1,15,17,Center,44.3,73.6,55.3,77.2,11.8,0.2,0
Levante,Antonio Luna,1,15,36,Left,67.2,100.0,66.5,91.7,6.8,4.6,1
Levante,Enis Bardhi,1,15,37,Left,66.5,91.7,66.3,98.6,4.7,1.6,1
Levante,Antonio Luna,1,15,39,Back,62.2,95.7,43.8,94.8,19.3,3.2,1
Levante,Rober Pier,1,15,41,Back,43.8,94.8,35.4,71.7,18.0,4.2,1
Levante,Rúben Vezo,1,15,46,Back,31.4,76.1,33.7,12.6,43.2,4.8,1
Levante,Erick Cabaco,1,15,49,Back,35.5,17.8,32.0,60.6,29.3,1.7,1
Levante,Rúben Vezo,1,15,52,Back,34.9,59.6,46.8,64.9,13.0,0.3,1
Levante,José Campaña,1,15,55,Left,52.5,68.1,61.5,96.9,21.7,1.1,1
Levante,Antonio Luna,1,15,57,Back,61.6,97.1,38.0,91.5,25.1,3.3,1
Levante,Rober Pier,1,15,59,Back,38.0,91.5,33.5,63.4,19.7,4.5,1
Levante,Rúben Vezo,1,16,6,Center,35.7,61.2,51.7,47.5,19.2,5.8,1
Levante,Borja Mayoral,1,16,8,Back,45.0,48.7,43.0,89.9,28.1,1.6,1
Levante,Rober Pier,1,16,11,Center,43.8,86.6,51.8,74.1,12.0,5.5,1
Levante,José Campaña,1,16,12,Left,53.1,75.0,64.7,82.4,13.2,0.4,1
Levante,Enis Bardhi,1,16,13,Left,59.8,82.6,62.7,80.2,3.5,5.8,0
Levante,Borja Mayoral,1,16,18,Center,76.8,52.4,74.9,41.2,7.9,4.5,1
Levante,Jason,1,16,19,Center,74.9,41.2,86.6,32.8,13.5,5.8,1
Leganés,Diego Reyes,1,16,55,Back,5.3,0.0,30.0,9.7,27.1,0.3,1
Leganés,Guido Carrillo,1,16,58,Back,30.0,9.7,35.7,10.4,6.0,0.1,1
Levante,Rober Pier,1,17,2,Back,55.4,90.0,41.1,59.7,25.5,4.1,1
Levante,Erick Cabaco,1,17,6,Center,45.1,57.0,56.0,74.8,16.7,0.8,1
Levante,José Campaña,1,17,9,Back,52.7,79.7,44.6,97.4,14.7,2.2,1
Levante,Rober Pier,1,17,10,Left,52.0,98.4,54.9,98.1,3.1,6.2,0
Levante,Antonio Luna,1,17,28,Center,59.4,100.0,60.8,67.2,23.6,4.8,1
Levante,Erick Cabaco,1,17,30,Back,60.8,67.2,46.3,83.8,19.0,2.5,1
Levante,Rober Pier,1,17,33,Back,46.3,83.8,38.0,43.9,28.5,4.4,1
Levante,Rúben Vezo,1,17,40,Center,39.4,41.6,60.2,72.6,30.4,0.8,1
Levante,Enis Bardhi,1,17,43,Center,53.2,57.3,53.2,23.6,22.9,4.7,1
Levante,Erick Cabaco,1,17,46,Back,53.5,23.4,47.2,44.2,15.6,2.0,1
Levante,Rúben Vezo,1,17,52,Back,54.3,46.6,45.4,91.2,31.7,1.9,1
Levante,Rober Pier,1,17,58,Center,44.5,83.0,52.9,24.0,41.1,4.9,1
Levante,Erick Cabaco,1,18,4,Center,55.0,23.1,90.9,65.7,47.5,0.7,0
Leganés,Iván Cuéllar,1,18,20,Back,15.7,64.6,44.3,69.7,30.2,0.1,0
Leganés,Dimitrios Siovas,1,18,25,Right,39.1,74.5,67.7,4.4,56.3,5.3,0
Leganés,Allan Nyom,1,18,53,Right,71.0,0.0,88.0,7.0,18.9,0.3,1
Levante,Aitor Fernández,1,19,4,Center,3.5,42.2,58.0,24.9,58.4,6.1,0
Leganés,Dimitrios Siovas,1,19,7,Center,42.0,72.1,62.5,65.4,22.0,6.1,0
Leganés,Rubén Pérez,1,19,12,Back,52.8,67.0,42.9,73.6,11.3,2.7,1
Leganés,Dimitrios Siovas,1,19,18,Left,45.0,81.2,100.0,83.6,58.8,0.0,0
Levante,Aitor Fernández,1,19,43,Center,4.4,40.9,60.8,29.7,59.7,6.2,0
Leganés,Dimitrios Siovas,1,19,48,Center,40.5,70.6,55.5,74.1,15.9,0.1,0
Levante,Moses Simon,1,19,50,Back,41.9,23.6,32.5,37.6,13.7,2.4,1
Levante,Rúben Vezo,1,19,53,Back,32.8,37.6,47.1,7.6,25.3,5.3,1
Levante,Moses Simon,1,19,56,Center,54.4,6.8,66.1,32.7,21.5,1.0,1
Leganés,Dimitrios Siovas,1,20,37,Center,36.6,69.7,76.1,25.2,51.3,5.7,1
Leganés,Guido Carrillo,1,20,41,Center,76.1,25.2,87.0,23.7,11.5,6.2,0
Leganés,Allan Nyom,1,20,47,Right,78.0,0.0,70.3,4.9,9.2,2.6,1
Leganés,Óscar Rodríguez,1,20,49,Right,70.7,4.9,69.2,15.8,7.6,1.8,1
Leganés,Rubén Pérez,1,20,51,Right,69.2,15.8,66.0,4.9,8.1,4.3,1
Leganés,Óscar Rodríguez,1,20,54,Back,61.1,5.2,43.5,30.7,25.3,2.4,1
Leganés,Kenneth Omeruo,1,20,57,Back,44.3,28.6,46.1,11.0,12.1,4.9,1
Leganés,Diego Reyes,1,21,2,Center,57.1,2.9,72.0,29.1,23.7,0.9,1
Leganés,Martin Braithwaite,1,21,4,Right,72.0,29.1,86.1,18.5,16.5,5.8,0
Levante,Rúben Vezo,1,21,8,Left,14.9,82.9,62.7,100.0,51.8,0.2,0
Leganés,Diego Reyes,1,21,15,Back,35.1,0.0,29.0,13.7,12.4,2.1,1
Leganés,Kenneth Omeruo,1,21,19,Back,26.9,16.5,29.3,68.8,35.7,1.5,1
Leganés,Dimitrios Siovas,1,21,25,Left,54.4,87.7,88.0,82.9,35.4,6.2,0
Leganés,Vasyl Kravets,1,21,43,Left,87.0,100.0,87.3,92.9,5.6,4.8,1
Leganés,Recio,1,21,44,Left,87.3,92.9,91.7,94.4,4.7,0.2,1
Leganés,Vasyl Kravets,1,21,45,Left,94.1,95.1,94.3,93.5,1.1,4.9,0
Leganés,Vasyl Kravets,1,21,56,Left,86.6,100.0,96.6,81.7,17.3,5.4,1
Leganés,Guido Carrillo,1,21,58,Left,96.6,81.7,96.1,95.9,9.7,1.6,1
Leganés,Vasyl Kravets,1,22,0,Left,93.7,96.5,80.6,94.4,13.8,3.2,1
Leganés,Recio,1,22,3,Back,76.3,95.6,49.0,76.1,31.6,3.6,1
Leganés,Kenneth Omeruo,1,22,8,Center,48.6,68.7,77.7,31.3,39.8,5.6,0
Leganés,Rubén Pérez,1,22,13,Right,62.9,28.2,67.7,12.2,12.0,5.1,1
Leganés,Óscar Rodríguez,1,22,15,Right,69.4,8.8,76.8,3.1,8.7,5.8,1
Leganés,Allan Nyom,1,22,17,Right,77.2,2.8,79.3,4.4,2.5,0.5,0
Leganés,Allan Nyom,1,22,23,Right,85.3,0.0,71.5,10.4,16.7,2.6,1
Leganés,Rubén Pérez,1,22,25,Right,71.5,10.4,77.4,1.9,8.5,5.5,1
Leganés,Allan Nyom,1,22,43,Right,72.1,0.0,66.1,5.8,8.2,2.4,1
Leganés,Rubén Pérez,1,22,46,Right,66.1,5.8,69.0,2.5,3.8,5.6,1
Levante,Enis Bardhi,1,22,49,Left,31.8,95.3,75.5,91.1,46.0,6.2,1
Levante,Borja Mayoral,1,22,56,Center,91.5,69.7,91.8,46.6,15.7,4.7,1
Leganés,Rubén Pérez,1,23,2,Back,25.2,49.0,33.5,64.6,13.7,0.9,1
Leganés,Dimitrios Siovas,1,23,56,Right,34.7,67.3,69.6,11.9,52.6,5.5,1
Leganés,Óscar Rodríguez,1,25,1,Center,70.9,15.9,81.1,33.0,15.8,0.8,0
Levante,Aitor Fernández,1,25,33,Back,4.6,41.9,38.5,29.1,36.6,6.0,0
Leganés,Recio,1,25,37,Left,66.0,76.0,87.3,95.7,26.1,0.5,0
Levante,Moses Simon,1,25,40,Back,18.2,5.6,11.2,8.9,7.7,2.8,1
Levante,Erick Cabaco,1,25,41,Right,11.2,8.9,52.1,14.3,43.1,0.1,1
Levante,Borja Mayoral,1,25,44,Back,52.1,14.3,49.0,12.9,3.4,3.4,1
Leganés,Dimitrios Siovas,1,25,47,Left,50.7,94.1,52.2,93.8,1.6,6.2,0
Leganés,Vasyl Kravets,1,26,5,Left,56.7,100.0,100.0,94.0,47.4,6.2,0
Levante,Aitor Fernández,1,26,30,Center,4.8,41.2,60.7,23.0,60.0,6.1,1
Levante,Borja Mayoral,1,26,32,Right,60.7,23.0,52.7,13.5,10.6,3.8,1
Levante,Moses Simon,1,26,36,Right,61.5,7.4,65.0,13.2,5.4,0.8,1
Levante,Borja Mayoral,1,26,39,Center,61.3,21.5,65.7,35.5,10.6,1.1,1
Levante,Jason,1,26,41,Left,65.3,37.3,70.3,92.3,37.8,1.4,1
Levante,Antonio Luna,1,26,47,Center,70.4,75.0,84.3,73.3,14.6,6.2,1
Levante,José Luis Morales,1,26,50,Center,90.9,81.2,90.9,61.1,13.7,4.7,0
Leganés,Diego Reyes,1,26,54,Back,9.1,29.2,44.2,6.4,40.0,5.9,0
Levante,Rober Pier,1,26,56,Back,52.5,91.8,40.7,71.7,18.4,4.0,1
Levante,Rúben Vezo,1,27,0,Back,37.4,67.8,44.6,70.0,7.7,0.2,1
Levante,José Campaña,1,27,1,Left,46.2,69.1,65.9,95.0,27.2,0.7,1
Levante,Enis Bardhi,1,27,4,Left,65.9,95.0,91.3,94.8,26.7,6.3,0
Leganés,Diego Reyes,1,27,9,Back,2.4,3.4,15.9,5.9,14.3,0.1,1
Leganés,Allan Nyom,1,27,11,Back,15.9,5.9,39.9,11.7,25.5,0.2,0
Levante,Rober Pier,1,27,14,Center,61.6,88.0,71.6,73.0,14.6,5.5,1
Leganés,Iván Cuéllar,1,28,20,Center,20.3,59.7,69.6,44.9,52.7,6.1,1
Leganés,Martin Braithwaite,1,28,24,Center,69.6,44.9,82.1,57.5,15.7,0.6,0
Leganés,Vasyl Kravets,1,28,37,Left,69.2,100.0,80.4,95.3,12.6,5.9,1
Levante,Moses Simon,1,28,40,Back,28.7,6.1,29.8,5.5,1.2,5.9,0
Levante,Moses Simon,1,28,58,Back,32.8,0.0,26.4,3.5,7.7,2.6,1
Levante,Erick Cabaco,1,28,59,Back,26.4,3.5,46.2,33.6,29.2,0.8,1
Levante,Borja Mayoral,1,29,6,Back,33.7,24.6,37.2,3.7,14.7,5.0,1
Levante,Moses Simon,1,29,9,Center,37.0,3.6,84.5,43.1,56.6,0.5,0
Leganés,Iván Cuéllar,1,29,18,Back,13.9,46.3,24.1,92.9,33.4,1.2,1
Leganés,Dimitrios Siovas,1,29,23,Left,32.9,97.2,65.5,87.7,34.8,6.1,1
Leganés,Vasyl Kravets,1,30,23,Center,66.7,86.2,88.1,46.7,35.0,5.4,0
Leganés,Allan Nyom,1,30,28,Center,66.3,36.0,52.1,46.1,16.4,2.7,1
Leganés,Kenneth Omeruo,1,30,29,Center,52.1,46.1,57.5,23.3,16.5,5.1,1
Leganés,Allan Nyom,1,30,34,Right,59.9,14.6,88.5,6.7,30.5,6.1,1
Leganés,Allan Nyom,1,30,55,Right,84.5,0.0,83.4,5.3,5.1,1.8,1
Leganés,Óscar Rodríguez,1,30,56,Right,83.4,5.3,86.1,1.9,3.7,5.6,1
Leganés,Allan Nyom,1,30,58,Right,86.1,1.9,80.4,5.0,6.3,2.8,1
Leganés,Óscar Rodríguez,1,30,59,Center,80.4,5.0,85.0,35.7,21.4,1.3,0
Levante,Enis Bardhi,1,31,1,Back,12.9,71.1,45.0,77.0,33.9,0.1,0
Leganés,Kenneth Omeruo,1,31,4,Center,53.9,25.0,63.8,35.8,12.7,0.6,1
Leganés,Dimitrios Siovas,1,31,6,Center,63.8,35.8,71.5,43.9,9.8,0.6,1
Leganés,Guido Carrillo,1,31,7,Center,71.5,43.9,66.3,47.9,6.1,2.7,1
Leganés,Recio,1,31,8,Center,66.3,47.9,70.5,42.8,5.6,5.6,1
Leganés,Guido Carrillo,1,31,10,Left,69.4,52.0,65.4,79.6,19.2,1.8,1
Leganés,Vasyl Kravets,1,31,12,Left,64.8,80.4,73.6,84.1,9.6,0.3,1
Leganés,Recio,1,31,15,Center,65.2,84.2,62.7,73.5,7.7,4.4,1
Leganés,Rubén Pérez,1,31,18,Left,62.7,73.5,56.8,87.2,11.2,2.2,1
Leganés,Recio,1,31,21,Back,53.0,86.9,20.1,61.1,38.7,3.6,1
Leganés,Iván Cuéllar,1,31,27,Back,25.2,54.0,38.1,8.8,33.6,5.1,1
Leganés,Diego Reyes,1,31,30,Center,39.3,6.1,65.4,27.7,31.1,0.5,0
Levante,Rober Pier,1,31,31,Back,32.4,71.5,43.3,72.1,11.5,0.0,1
Levante,José Campaña,1,31,32,Center,43.3,72.1,52.3,78.8,10.5,0.4,1
Leganés,Recio,1,31,37,Center,53.1,25.6,54.0,28.9,2.4,1.2,1
Leganés,Martin Braithwaite,1,31,38,Back,54.5,31.3,47.1,33.4,7.9,3.0,1
Leganés,Rubén Pérez,1,31,39,Center,47.3,33.4,58.3,31.6,11.6,6.2,1
Leganés,Martin Braithwaite,1,31,43,Center,78.0,31.6,89.1,32.4,11.7,0.0,1
Levante,Enis Bardhi,1,31,47,Back,14.0,66.3,15.0,72.6,4.4,1.3,1
Levante,Antonio Luna,1,31,49,Back,28.5,68.8,46.3,57.9,20.1,5.9,0
Leganés,Kenneth Omeruo,1,31,52,Left,53.3,41.2,90.9,100.0,56.9,0.8,0
Levante,Moses Simon,1,32,17,Back,20.2,0.0,7.9,40.7,31.6,2.0,1
Levante,Rober Pier,1,32,22,Back,9.0,45.7,44.9,66.0,40.1,0.4,0
Levante,Antonio Luna,1,32,30,Back,41.5,100.0,35.1,80.8,15.3,4.3,1
Levante,José Campaña,1,32,33,Back,35.1,80.8,40.1,85.1,6.0,0.5,1
Leganés,Rubén Pérez,1,32,40,Center,63.5,38.2,53.7,41.0,10.5,3.0,1
Leganés,Recio,1,32,41,Right,53.7,41.0,58.4,7.7,23.2,4.9,1
Leganés,Allan Nyom,1,32,43,Back,55.8,9.2,38.6,25.3,21.1,2.6,1
Leganés,Diego Reyes,1,32,46,Back,38.6,25.3,33.0,45.8,15.1,2.0,1
Leganés,Kenneth Omeruo,1,32,48,Left,33.4,47.2,57.4,98.0,42.8,0.9,1
Leganés,Vasyl Kravets,1,32,53,Back,56.2,97.4,39.0,66.4,27.8,4.0,1
Leganés,Kenneth Omeruo,1,32,56,Back,37.0,64.5,15.1,58.5,23.4,3.3,1
Leganés,Iván Cuéllar,1,33,2,Left,15.2,62.0,61.8,98.0,54.7,0.5,1
Leganés,Vasyl Kravets,1,33,5,Left,61.8,98.0,70.8,94.8,9.7,6.1,0
Levante,Erick Cabaco,1,33,6,Center,31.8,9.4,62.2,31.3,35.2,0.4,0
Leganés,Kenneth Omeruo,1,33,10,Left,42.3,67.8,62.8,100.0,31.4,0.8,0
Levante,Moses Simon,1,33,23,Back,35.7,0.0,32.8,25.6,19.0,1.7,1
Levante,Erick Cabaco,1,33,26,Back,33.3,25.0,42.3,64.3,28.3,1.2,1
Levante,Rober Pier,1,33,27,Back,38.6,74.2,43.7,88.0,10.8,1.1,1
Levante,Antonio Luna,1,33,30,Back,43.7,88.0,33.7,69.1,16.6,4.0,1
Levante,Rober Pier,1,33,33,Back,33.5,69.1,30.0,37.7,21.7,4.5,1
Levante,Rúben Vezo,1,33,35,Back,30.0,37.7,46.8,17.6,22.3,5.6,1
Levante,Enis Bardhi,1,33,41,Right,55.4,16.5,67.2,3.4,15.3,5.7,1
Levante,Moses Simon,1,33,43,Back,67.2,3.4,44.0,12.2,25.1,2.9,1
Levante,Erick Cabaco,1,33,46,Back,44.0,12.2,43.2,46.6,23.4,1.6,1
Levante,Rúben Vezo,1,33,48,Back,43.2,46.6,45.5,79.6,22.6,1.5,1
Levante,Rober Pier,1,33,53,Center,48.5,74.2,53.2,22.4,35.6,4.9,1
Levante,Erick Cabaco,1,33,59,Center,64.6,15.5,91.8,33.9,31.2,0.4,0
Leganés,Kenneth Omeruo,1,34,5,Back,3.1,89.6,21.3,89.3,19.1,6.3,0
Leganés,Iván Cuéllar,1,34,26,Center,14.9,65.2,71.7,73.8,59.9,0.1,1
Leganés,Guido Carrillo,1,34,30,Center,71.7,73.8,77.0,57.6,12.3,5.2,1
Levante,Rober Pier,1,34,33,Back,12.9,50.4,8.0,48.5,5.3,3.4,1
Leganés,Kenneth Omeruo,1,34,37,Left,48.0,57.0,72.2,88.7,33.3,0.7,0
Levante,Moses Simon,1,34,40,Back,28.8,12.6,25.3,16.1,4.4,2.6,1
Levante,Erick Cabaco,1,34,42,Back,25.3,14.4,32.9,25.0,10.8,0.7,1
Levante,José Campaña,1,34,49,Center,52.6,36.4,63.4,35.7,11.3,6.2,1
Levante,Borja Mayoral,1,34,49,Center,63.4,35.7,62.4,47.2,7.9,1.7,1
Levante,José Campaña,1,34,51,Left,65.2,54.6,94.3,95.9,41.5,0.7,1
Levante,Antonio Luna,1,34,55,Center,94.7,96.0,91.0,37.3,40.1,4.6,0
Leganés,Iván Cuéllar,1,35,43,Left,4.3,53.7,56.7,89.0,60.0,0.4,1
Leganés,Vasyl Kravets,1,35,47,Left,56.7,89.0,69.7,97.7,14.9,0.4,1
Levante,Moses Simon,1,36,4,Back,27.7,0.0,36.2,3.5,9.7,0.4,1
Levante,Enis Bardhi,1,36,5,Back,36.2,3.5,30.9,3.4,5.6,3.2,1
Levante,Moses Simon,1,36,18,Back,28.7,0.0,42.8,6.4,15.8,0.4,1
Levante,Borja Mayoral,1,36,20,Back,41.4,5.8,38.6,6.8,3.0,2.9,0
Levante,José Campaña,1,36,22,Back,38.5,21.6,36.7,83.5,42.1,1.6,1
Levante,Antonio Luna,1,36,31,Back,53.0,93.0,43.0,72.7,17.3,4.1,1
Levante,Rober Pier,1,36,35,Back,51.7,59.4,47.1,16.5,29.6,4.5,1
Levante,Erick Cabaco,1,36,40,Right,63.9,8.8,74.3,9.4,10.9,0.0,0
Leganés,Vasyl Kravets,1,36,44,Back,29.7,93.9,30.1,86.6,5.0,4.8,1
Leganés,Recio,1,36,45,Back,30.1,86.6,40.7,66.0,17.9,5.4,1
Leganés,Martin Braithwaite,1,36,46,Back,41.0,67.6,35.9,64.5,5.8,3.5,1
Leganés,Rubén Pérez,1,36,48,Back,37.0,64.7,42.3,67.0,5.8,0.3,1
Leganés,Martin Braithwaite,1,36,49,Back,43.0,65.4,43.0,47.2,12.4,4.7,1
Leganés,Óscar Rodríguez,1,36,50,Back,43.3,48.5,32.9,78.9,23.4,2.1,1
Leganés,Dimitrios Siovas,1,36,52,Back,35.0,78.9,47.2,81.6,12.9,0.1,1
Leganés,Recio,1,36,55,Left,56.7,91.1,56.4,95.6,3.1,1.7,1
Leganés,Vasyl Kravets,1,36,56,Center,56.4,95.6,54.0,76.3,13.4,4.5,1
Leganés,Rubén Pérez,1,37,0,Center,58.0,67.0,59.1,37.0,20.4,4.8,1
Leganés,Óscar Rodríguez,1,37,4,Right,60.7,28.3,68.1,4.4,18.0,5.2,1
Leganés,Allan Nyom,1,37,7,Left,75.9,5.3,92.0,100.0,67.9,1.3,0
Levante,Moses Simon,1,37,24,Back,10.3,0.0,7.8,9.7,8.4,1.9,1
Levante,Erick Cabaco,1,37,25,Back,7.8,9.7,39.3,58.4,46.8,0.8,1
Levante,Jason,1,37,27,Back,39.3,58.4,40.8,42.7,10.8,4.9,1
Levante,José Luis Morales,1,37,28,Back,42.2,40.0,46.3,78.1,26.3,1.4,1
Levante,Antonio Luna,1,37,32,Center,54.6,85.1,67.1,75.9,14.5,5.8,1
Levante,Jason,1,37,38,Right,88.1,96.5,97.8,0.0,67.5,4.9,0
Leganés,Dimitrios Siovas,1,38,11,Back,4.7,100.0,28.5,95.3,25.4,6.1,0
Levante,Moses Simon,1,38,13,Right,69.2,5.8,79.2,0.0,11.5,5.9,0
Leganés,Dimitrios Siovas,1,38,27,Back,20.9,100.0,48.8,95.6,29.6,6.2,1
Leganés,Guido Carrillo,1,38,31,Center,48.8,95.6,53.6,78.1,12.9,5.1,0
Leganés,Diego Reyes,1,38,48,Center,77.1,17.4,89.9,47.6,24.5,1.0,0
Leganés,Vasyl Kravets,1,38,52,Center,84.3,73.5,100.0,73.0,17.0,6.3,0
Levante,Aitor Fernández,1,39,15,Left,4.2,48.8,53.4,96.9,61.1,0.6,1
Levante,José Luis Morales,1,39,21,Back,46.0,98.3,37.5,100.0,9.2,2.9,0
Leganés,Diego Reyes,1,39,47,Center,58.6,0.0,80.8,23.4,29.0,0.6,1
Leganés,Guido Carrillo,1,39,50,Center,80.8,23.4,74.0,24.7,7.2,3.0,1
Leganés,Óscar Rodríguez,1,39,51,Center,74.0,24.7,84.2,31.9,11.8,0.4,1
Leganés,Martin Braithwaite,1,39,53,Center,84.2,31.9,97.1,28.3,13.8,6.1,1
Leganés,Guido Carrillo,1,39,54,Center,98.1,28.2,97.6,45.5,11.8,1.6,0
Levante,Enis Bardhi,1,39,59,Right,19.6,19.8,73.1,17.6,56.2,6.3,0
Leganés,Kenneth Omeruo,1,40,6,Back,14.4,88.1,3.5,74.2,14.8,3.8,1
Leganés,Iván Cuéllar,1,40,7,Back,3.5,74.2,12.4,100.0,21.1,1.1,0
Levante,Borja Mayoral,1,40,15,Right,81.6,0.0,90.4,12.8,13.7,0.8,1
Levante,Jason,1,40,16,Right,90.4,12.8,87.7,8.2,4.2,4.0,1
Levante,Borja Mayoral,1,40,17,Right,87.7,8.2,74.5,10.1,13.9,3.0,1
Levante,Moses Simon,1,40,20,Center,74.6,10.1,85.7,24.0,15.0,0.7,0
Levante,Moses Simon,1,40,28,Right,82.8,0.0,70.6,5.3,13.6,2.8,1
Levante,José Campaña,1,41,4,Center,71.6,7.4,91.0,39.2,29.7,0.8,0
Levante,Moses Simon,1,41,25,Right,93.7,0.0,97.3,17.1,13.1,1.3,1
Levante,Enis Bardhi,1,41,27,Right,97.3,17.1,95.8,12.0,3.8,4.3,1
Levante,Moses Simon,1,41,28,Center,95.8,12.0,74.5,40.0,29.4,2.4,1
Levante,Jason,1,41,33,Right,67.9,28.9,67.1,17.9,7.5,4.6,1
Levante,José Campaña,1,41,35,Center,67.1,17.9,68.8,73.8,38.1,1.5,1
Levante,Antonio Luna,1,41,43,Center,65.2,49.0,73.9,46.6,9.3,6.1,1
Levante,Enis Bardhi,1,41,44,Center,71.3,44.3,81.0,44.5,10.2,0.0,0
Leganés,Iván Cuéllar,1,42,32,Right,4.4,42.5,62.1,17.2,63.0,6.0,1
Leganés,Guido Carrillo,1,42,36,Right,60.0,18.6,70.4,18.0,10.9,6.2,0
Levante,Rober Pier,1,42,37,Back,27.0,77.5,33.0,92.1,11.8,1.0,1
Levante,Antonio Luna,1,42,39,Back,32.9,93.2,34.4,92.4,1.7,6.0,0
Leganés,Allan Nyom,1,42,43,Back,42.4,2.5,42.9,2.5,0.5,0,0
Leganés,Allan Nyom,1,42,46,Right,44.5,2.9,52.7,9.2,9.6,0.5,1
Leganés,Guido Carrillo,1,42,48,Right,54.4,7.1,65.2,6.8,11.3,6.3,0
Levante,Rober Pier,1,42,50,Back,30.5,93.3,34.0,96.5,4.3,0.5,1
Levante,Antonio Luna,1,42,51,Back,34.0,96.5,28.1,67.6,20.6,4.4,1
Levante,Rúben Vezo,1,42,53,Back,28.1,67.6,35.7,68.7,8.0,0.1,1
Levante,Enis Bardhi,1,42,54,Back,35.7,68.7,28.4,66.4,7.8,3.3,1
Levante,Rúben Vezo,1,42,56,Back,28.4,66.4,30.3,23.6,29.2,4.8,1
Levante,Erick Cabaco,1,42,58,Back,30.3,23.6,41.4,34.5,13.8,0.6,1
Levante,Enis Bardhi,1,43,0,Right,40.7,31.9,58.2,14.3,21.9,5.7,1
Levante,Moses Simon,1,43,6,Back,65.5,5.2,44.7,6.5,21.9,3.1,1
Levante,Erick Cabaco,1,43,9,Back,45.1,9.1,47.0,59.0,34.0,1.5,1
Levante,Rober Pier,1,43,12,Center,47.1,57.3,57.4,77.0,17.2,0.9,1
Levante,José Campaña,1,43,16,Center,57.6,76.4,62.7,55.2,15.4,5.1,1
Levante,José Campaña,1,44,19,Center,63.7,42.7,90.6,60.9,30.8,0.4,0
Levante,Antonio Luna,1,44,39,Left,88.1,100.0,93.1,92.1,8.4,5.4,1
Levante,Enis Bardhi,1,44,44,Left,98.5,98.4,98.3,96.8,1.1,4.5,0
Levante,José Campaña,1,45,24,Center,99.5,99.6,97.4,59.7,27.2,4.6,0
Levante,Jason,2,45,1,Back,50.1,50.0,40.2,53.7,10.7,2.9,1
Levante,José Campaña,2,45,9,Right,48.1,27.1,54.7,4.0,17.2,5.1,1
Levante,Moses Simon,2,45,10,Back,54.7,4.0,42.8,9.1,13.0,2.9,1
Levante,Erick Cabaco,2,45,12,Back,42.8,9.1,34.4,36.6,20.7,2.0,1
Levante,Rúben Vezo,2,45,14,Back,34.4,36.6,40.6,77.9,28.8,1.3,1
Levante,Rober Pier,2,45,20,Back,48.9,73.0,45.9,13.2,40.8,4.6,1
Levante,Erick Cabaco,2,45,26,Right,56.0,6.2,83.3,15.2,29.3,0.2,0
Leganés,Dimitrios Siovas,2,45,29,Back,20.5,84.2,22.7,71.1,9.2,5.0,1
Leganés,Rubén Pérez,2,45,31,Back,22.7,71.1,10.5,85.7,16.2,2.5,1
Leganés,Dimitrios Siovas,2,45,32,Left,10.5,85.7,62.4,93.5,54.8,0.1,0
Levante,Rúben Vezo,2,45,39,Back,35.9,5.2,42.2,19.4,11.7,1.0,1
Levante,José Campaña,2,45,40,Back,42.9,13.5,33.2,1.4,13.1,3.8,1
Levante,Erick Cabaco,2,45,41,Back,33.2,2.1,23.6,32.2,22.8,2.0,1
Levante,Rober Pier,2,45,48,Back,21.2,58.4,8.5,44.5,16.3,3.8,1
Levante,Aitor Fernández,2,45,52,Back,8.6,42.5,28.7,5.5,32.8,5.4,1
Levante,Erick Cabaco,2,45,57,Back,31.8,6.4,38.8,2.9,7.7,6.0,1
Levante,Moses Simon,2,46,0,Back,33.7,3.8,20.1,23.9,19.8,2.4,1
Levante,Rúben Vezo,2,46,7,Back,29.7,26.1,41.5,6.5,18.2,5.5,1
Levante,Erick Cabaco,2,46,9,Right,43.0,8.0,93.9,17.6,53.8,0.1,1
Levante,Enis Bardhi,2,46,14,Right,93.9,17.6,93.9,18.6,0.7,1.6,0
Leganés,Iván Cuéllar,2,46,34,Left,22.1,66.2,71.7,88.4,54.2,0.3,1
Leganés,Guido Carrillo,2,46,38,Left,71.5,88.2,64.2,85.9,7.8,3.3,1
Leganés,Recio,2,46,40,Center,68.7,82.2,69.8,73.0,6.4,4.9,1
Leganés,Guido Carrillo,2,46,41,Right,64.6,67.8,65.4,14.3,36.4,4.7,1
Leganés,Allan Nyom,2,46,46,Center,73.4,23.4,74.0,24.6,1.0,0.9,0
Levante,José Campaña,2,46,49,Back,13.1,66.1,21.6,68.5,9.1,0.2,1
Levante,Enis Bardhi,2,47,7,Back,32.9,74.5,28.0,67.0,7.2,3.9,1
Levante,José Campaña,2,47,9,Back,28.0,67.0,35.8,5.3,42.7,4.9,1
Levante,Erick Cabaco,2,47,14,Back,45.9,9.1,38.7,33.1,18.0,2.0,1
Levante,Rúben Vezo,2,47,19,Right,39.6,35.2,58.9,2.6,30.0,5.5,1
Levante,Moses Simon,2,47,23,Center,58.7,2.9,72.9,28.6,23.0,0.9,0
Leganés,Kenneth Omeruo,2,47,26,Back,25.9,72.1,35.8,70.3,10.5,6.2,1
Leganés,Rubén Pérez,2,47,27,Back,35.8,70.3,38.4,77.0,5.3,1.0,1
Leganés,Recio,2,47,29,Back,40.4,75.3,46.2,70.3,7.0,5.8,1
Leganés,Martin Braithwaite,2,47,32,Left,43.2,82.9,51.9,88.1,9.8,0.4,1
Leganés,Recio,2,47,33,Back,51.9,88.1,44.1,88.9,8.2,3.1,1
Leganés,Dimitrios Siovas,2,47,45,Left,52.1,100.0,71.6,93.5,21.2,6.0,0
Leganés,Recio,2,47,49,Center,64.8,88.0,70.8,73.6,11.6,5.3,0
Levante,Rober Pier,2,47,51,Back,24.7,27.0,5.8,50.6,25.5,2.5,1
Levante,Aitor Fernández,2,47,55,Left,8.4,52.7,71.1,86.3,69.7,0.3,1
Levante,Borja Mayoral,2,48,4,Center,78.4,81.5,73.5,58.8,16.3,4.4,1
Levante,Moses Simon,2,48,11,Center,83.5,25.8,98.2,58.7,27.2,1.0,1
Levante,Antonio Luna,2,48,14,Center,98.2,72.1,92.1,38.8,23.5,4.4,0
Levante,Moses Simon,2,48,26,Right,88.4,0.0,83.1,5.8,7.1,2.5,1
Levante,Erick Cabaco,2,48,29,Right,79.1,4.9,55.0,15.0,26.2,2.9,1
Levante,Rúben Vezo,2,48,32,Back,45.1,14.4,47.7,55.1,27.8,1.5,1
Levante,Rober Pier,2,48,38,Right,56.0,46.0,56.7,10.6,24.1,4.7,1
Levante,Erick Cabaco,2,48,41,Center,57.0,12.0,53.0,56.4,30.5,1.7,1
Levante,Rober Pier,2,48,45,Left,54.0,58.2,65.1,90.8,25.0,1.1,1
Levante,Antonio Luna,2,48,49,Left,64.0,91.7,100.0,81.5,39.4,6.1,0
Leganés,Iván Cuéllar,2,49,24,Center,4.8,43.0,62.8,34.6,61.2,6.2,0
Leganés,Óscar Rodríguez,2,49,57,Center,66.0,31.9,100.0,63.1,42.1,0.5,0
Levante,Aitor Fernández,2,50,21,Back,4.2,46.6,37.8,59.1,36.3,0.2,1
Levante,Enis Bardhi,2,50,27,Back,33.3,55.2,41.1,88.1,23.8,1.2,1
Levante,Antonio Luna,2,50,32,Back,46.5,85.3,42.8,80.2,5.2,3.9,1
Levante,José Campaña,2,50,33,Back,42.4,79.8,35.5,82.2,7.4,2.9,1
Levante,Rober Pier,2,50,38,Back,44.7,52.7,49.6,10.1,29.4,4.9,1
Levante,Erick Cabaco,2,50,41,Right,51.8,9.8,60.0,1.4,10.3,5.7,1
Levante,Moses Simon,2,50,43,Back,60.1,4.0,41.4,30.0,26.4,2.4,1
Levante,Rúben Vezo,2,50,47,Back,43.4,33.7,46.8,68.8,24.1,1.4,1
Levante,Rober Pier,2,50,51,Center,55.0,65.7,65.6,32.4,25.2,5.2,1
Levante,Jason,2,50,54,Right,65.3,31.9,72.0,3.5,20.6,5.1,1
Levante,Moses Simon,2,50,59,Center,87.1,12.5,91.5,45.8,23.1,1.4,0
Levante,Erick Cabaco,2,51,2,Back,63.2,11.0,49.0,16.7,15.4,2.9,1
Levante,Rúben Vezo,2,51,4,Right,47.1,17.0,60.4,3.1,16.9,5.7,1
Levante,Erick Cabaco,2,51,6,Right,60.8,4.1,67.1,18.8,12.0,1.0,1
Levante,Jason,2,51,10,Left,64.9,25.0,76.0,83.3,41.3,1.3,1
Levante,Antonio Luna,2,51,19,Center,65.2,76.9,56.7,78.1,9.0,3.1,1
Levante,Rober Pier,2,51,20,Center,56.7,78.1,60.6,62.6,11.3,5.1,1
Levante,José Campaña,2,51,22,Center,60.6,62.6,62.8,22.5,27.4,4.8,1
Leganés,Iván Cuéllar,2,52,3,Center,5.2,45.4,64.2,37.0,62.2,6.2,0
Levante,José Campaña,2,52,4,Center,43.5,66.3,56.1,75.0,14.5,0.4,1
Levante,Enis Bardhi,2,52,6,Left,57.0,73.2,71.9,100.0,24.9,0.9,0
Leganés,Diego Reyes,2,52,25,Back,29.3,0.0,47.8,12.0,21.6,0.5,0
Levante,Rober Pier,2,52,28,Center,50.5,86.9,59.6,74.2,12.9,5.5,1
Levante,José Campaña,2,52,30,Center,59.6,74.2,65.7,61.4,10.8,5.3,1
Levante,Erick Cabaco,2,52,33,Right,58.0,38.0,67.8,14.6,18.9,5.3,1
Levante,Moses Simon,2,52,41,Center,74.8,31.9,74.6,68.8,25.1,1.6,1
Levante,Enis Bardhi,2,52,44,Left,75.5,70.0,90.3,85.6,18.8,0.6,1
Levante,Antonio Luna,2,52,47,Left,81.2,85.3,81.3,81.7,2.5,4.8,0
Leganés,Allan Nyom,2,52,52,Back,11.4,17.0,11.2,12.5,3.1,4.6,1
Leganés,Óscar Rodríguez,2,52,55,Back,4.1,18.3,38.3,40.7,39.0,0.4,0
Levante,Erick Cabaco,2,52,59,Center,63.9,56.7,70.9,63.9,8.8,0.6,0
Leganés,Rubén Pérez,2,53,2,Back,31.0,31.6,48.6,41.0,19.6,0.3,1
Leganés,Guido Carrillo,2,53,3,Back,48.6,41.0,45.0,55.8,10.8,1.9,1
Leganés,Recio,2,53,4,Center,45.0,55.8,59.6,69.4,17.9,0.5,1
Leganés,Martin Braithwaite,2,53,5,Center,58.7,68.0,54.3,55.7,9.6,4.2,0
Levante,José Campaña,2,53,7,Back,34.2,61.1,36.3,85.7,16.9,1.4,1
Levante,Rober Pier,2,53,21,Back,35.3,89.8,28.9,71.1,14.4,4.2,1
Levante,José Campaña,2,53,23,Back,30.8,63.7,46.1,20.4,33.5,5.2,1
Levante,Jason,2,53,28,Center,63.1,23.9,73.4,33.0,12.5,0.5,1
Levante,José Luis Morales,2,53,31,Right,76.3,29.1,80.4,3.1,18.2,5.0,1
Levante,Moses Simon,2,53,36,Right,85.5,14.4,86.5,16.4,1.7,0.9,0
Levante,Moses Simon,2,53,43,Center,90.0,0.0,87.3,22.1,16.2,1.7,1
Levante,Jason,2,53,46,Right,91.6,19.5,87.7,5.0,10.7,4.3,1
Levante,Moses Simon,2,53,48,Center,86.7,5.5,76.5,26.5,17.9,2.2,1
Levante,José Campaña,2,53,50,Center,76.7,26.5,95.4,27.9,19.7,0.0,1
Leganés,Iván Cuéllar,2,54,26,Right,4.9,41.9,56.7,3.7,60.3,5.8,1
Leganés,Guido Carrillo,2,54,28,Center,56.7,3.7,54.9,29.5,17.6,1.7,1
Leganés,Rubén Pérez,2,54,29,Center,57.3,27.7,67.2,32.8,11.0,0.3,0
Levante,Rúben Vezo,2,54,30,Left,36.4,67.8,59.8,100.0,33.6,0.8,0
Leganés,Diego Reyes,2,54,47,Right,45.1,0.0,66.2,17.4,25.8,0.5,0
Levante,Rúben Vezo,2,54,49,Back,29.4,74.1,38.9,83.8,12.0,0.6,0
Leganés,Rubén Pérez,2,54,51,Right,61.6,15.9,68.7,15.8,7.5,6.3,0
Levante,Jason,2,54,53,Back,34.3,69.4,31.8,78.7,6.8,2.0,1
Levante,Antonio Luna,2,54,54,Back,31.8,78.7,34.1,88.4,7.0,1.2,1
Levante,José Campaña,2,54,56,Center,35.4,90.3,55.0,68.7,25.3,5.7,1
Levante,Borja Mayoral,2,54,59,Center,58.9,75.3,68.4,67.0,11.5,5.8,0
Levante,José Luis Morales,2,55,6,Center,77.2,37.4,86.0,45.4,10.7,0.5,1
Levante,Jason,2,55,9,Center,84.9,46.6,74.6,53.9,11.9,2.7,1
Levante,Enis Bardhi,2,55,10,Right,74.6,53.9,87.4,18.5,27.6,5.2,1
Levante,Moses Simon,2,55,13,Left,87.4,18.5,87.4,79.7,41.6,1.6,1
Levante,Antonio Luna,2,55,17,Center,92.4,80.2,92.2,61.7,12.6,4.7,0
Levante,Rober Pier,2,55,26,Back,53.4,100.0,38.6,67.6,27.7,4.1,1
Levante,Rúben Vezo,2,55,29,Back,41.1,62.7,44.9,91.7,20.1,1.4,1
Levante,Rober Pier,2,55,37,Back,50.2,83.6,38.0,60.5,20.3,4.0,1
Levante,Rúben Vezo,2,55,39,Back,38.0,60.5,47.1,65.1,10.1,0.3,1
Levante,José Campaña,2,55,43,Left,44.7,66.9,62.2,94.5,26.3,0.8,1
Levante,Antonio Luna,2,55,49,Center,60.0,91.1,53.5,69.1,16.4,4.3,1
Levante,Rober Pier,2,55,52,Right,53.8,65.2,74.7,1.7,48.4,5.2,1
Levante,Moses Simon,2,55,57,Right,80.7,10.9,82.3,13.1,2.2,0.7,0
Levante,Moses Simon,2,56,15,Right,90.2,0.0,96.9,17.9,15.3,1.1,1
Leganés,Iván Cuéllar,2,56,44,Left,7.3,75.9,61.3,91.2,57.6,0.2,0
Levante,José Campaña,2,56,46,Back,38.4,6.1,44.8,13.4,8.4,0.6,0
Leganés,Rubén Pérez,2,56,48,Left,55.1,84.7,56.2,89.1,3.2,1.2,0
Leganés,Dimitrios Siovas,2,56,49,Left,40.8,80.2,53.4,85.3,13.7,0.3,0
Levante,Moses Simon,2,56,50,Right,44.6,11.1,59.0,17.1,15.7,0.3,0
Levante,Moses Simon,2,56,52,Back,46.6,8.2,47.3,7.9,0.8,6.0,0
Levante,Moses Simon,2,56,58,Center,54.2,3.1,72.2,24.3,23.8,0.7,0
Leganés,Kenneth Omeruo,2,57,0,Back,27.0,73.0,47.8,89.0,24.4,0.5,0
Leganés,Vasyl Kravets,2,57,4,Left,46.0,97.7,57.0,97.5,11.6,6.3,1
Leganés,Recio,2,57,22,Left,53.6,95.6,58.5,88.2,7.2,5.5,1
Leganés,Óscar Rodríguez,2,57,24,Left,55.8,88.2,58.8,95.2,5.7,1.0,1
Leganés,Recio,2,57,27,Left,63.2,93.1,54.1,86.8,10.5,3.6,1
Leganés,Rubén Pérez,2,57,30,Left,52.8,87.2,64.7,83.7,12.7,6.1,1
Leganés,Recio,2,57,33,Center,66.8,53.4,74.9,57.5,9.0,0.3,1
Leganés,Guido Carrillo,2,57,34,Center,75.4,56.1,69.9,57.7,5.9,3.0,1
Leganés,Recio,2,57,36,Center,73.4,60.6,79.3,66.6,7.4,0.6,1
Levante,Aitor Fernández,2,57,56,Back,4.0,47.8,57.0,33.8,56.5,6.1,0
Leganés,Dimitrios Siovas,2,57,58,Center,44.5,66.0,51.7,59.4,8.8,5.7,0
Levante,Borja Mayoral,2,58,6,Back,43.6,47.6,40.9,89.0,28.3,1.7,1
Levante,Antonio Luna,2,58,8,Left,40.9,89.0,72.9,90.9,33.6,0.0,0
Leganés,Diego Reyes,2,58,11,Back,21.9,7.3,28.1,7.1,6.5,6.3,0
Levante,Enis Bardhi,2,58,13,Center,71.0,76.7,73.5,68.1,6.4,5.1,1
Levante,Antonio Luna,2,58,23,Back,60.2,100.0,38.8,69.9,31.2,3.9,1
Levante,Rúben Vezo,2,58,27,Back,42.6,66.0,44.9,33.4,22.3,4.8,1
Levante,Erick Cabaco,2,58,30,Right,56.4,19.5,73.4,16.7,18.0,6.2,0
Leganés,Vasyl Kravets,2,58,35,Back,30.2,83.7,36.2,69.7,11.4,5.3,1
Leganés,Rubén Pérez,2,58,37,Left,44.9,76.1,55.8,96.3,17.9,0.9,1
Leganés,Vasyl Kravets,2,58,40,Back,55.8,96.3,46.5,92.9,10.0,3.4,1
Leganés,Rubén Pérez,2,58,43,Left,46.5,92.9,61.2,90.5,15.5,6.2,1
Leganés,Óscar Rodríguez,2,58,53,Center,94.1,76.0,93.9,74.8,0.8,4.5,0
Levante,Enis Bardhi,2,58,56,Back,8.0,42.1,17.9,18.0,19.4,5.3,1
Levante,Moses Simon,2,58,58,Center,17.9,18.0,58.5,27.7,43.1,0.2,0
Leganés,Kenneth Omeruo,2,59,2,Back,43.7,74.1,46.9,69.4,4.6,5.5,1
Leganés,Rubén Pérez,2,59,4,Back,46.9,69.4,44.0,76.0,5.4,2.2,1
Leganés,Kenneth Omeruo,2,59,5,Center,44.0,76.0,54.9,71.8,11.8,6.0,1
Leganés,Rubén Pérez,2,59,7,Left,54.9,71.8,63.3,93.9,17.4,1.0,1
Leganés,Recio,2,59,13,Left,60.6,86.3,58.6,83.6,2.8,3.9,1
Leganés,Rubén Pérez,2,59,14,Left,58.6,83.6,52.7,89.9,7.5,2.5,1
Leganés,Dimitrios Siovas,2,59,20,Center,63.7,96.2,84.9,72.7,27.4,5.7,1
Leganés,Martin Braithwaite,2,59,22,Center,84.9,72.7,76.3,72.9,9.0,3.1,1
Levante,Aitor Fernández,2,59,30,Center,14.0,62.3,57.8,75.7,46.9,0.2,0
Leganés,Diego Reyes,2,59,33,Back,39.3,28.3,40.2,28.1,1.0,6.1,0
Levante,Jason,2,59,38,Center,63.7,69.1,70.5,66.9,7.3,6.1,0
Levante,José Luis Morales,2,59,40,Center,86.9,69.0,92.0,34.8,23.9,4.9,1
Levante,Rober Pier,2,59,58,Back,53.8,100.0,40.4,73.5,23.6,4.1,1
Levante,Rúben Vezo,2,60,0,Back,40.4,73.5,46.9,28.6,31.3,4.9,1
Levante,Erick Cabaco,2,60,4,Right,52.2,24.7,66.2,3.8,20.4,5.5,1
Levante,Moses Simon,2,60,10,Right,71.4,4.1,55.8,16.7,18.5,2.7,1
Levante,Erick Cabaco,2,60,14,Back,55.8,17.1,46.1,43.3,20.5,2.1,1
Levante,Rúben Vezo,2,60,18,Center,51.6,44.2,61.5,75.7,23.8,1.1,1
Leganés,Iván Cuéllar,2,60,59,Right,19.0,29.2,69.2,10.9,54.2,6.1,0
Levante,Rober Pier,2,61,30,Back,31.8,88.7,36.5,12.3,52.2,4.8,1
Levante,Erick Cabaco,2,61,37,Back,56.5,5.6,37.2,40.0,30.9,2.3,1
Levante,Rúben Vezo,2,61,42,Left,44.7,56.6,55.5,81.1,20.2,1.0,1
Levante,Rober Pier,2,61,43,Left,55.5,80.3,80.5,95.9,28.3,0.4,1
Levante,Enis Bardhi,2,61,50,Center,96.1,84.8,91.9,27.7,39.1,4.6,1
Leganés,Óscar Rodríguez,2,62,4,Back,20.7,32.6,21.6,33.2,1.0,0.4,0
Levante,José Campaña,2,62,7,Left,71.0,82.0,76.2,83.9,5.6,0.2,1
Levante,Antonio Luna,2,62,8,Center,76.4,83.9,90.0,54.5,24.6,5.3,0
Levante,Rúben Vezo,2,62,18,Center,62.2,36.6,65.0,25.3,8.2,5.1,1
Levante,Erick Cabaco,2,62,20,Back,65.0,25.3,39.1,94.7,54.5,2.1,1
Levante,Rober Pier,2,62,23,Back,39.1,94.7,14.4,69.6,31.0,3.7,1
Levante,Aitor Fernández,2,62,29,Back,16.9,72.1,23.8,89.3,13.8,1.0,1
Levante,Rober Pier,2,62,33,Back,24.8,87.1,32.3,67.2,15.7,5.2,1
Levante,José Campaña,2,62,35,Back,32.3,67.2,37.3,13.4,37.0,4.9,1
Levante,Erick Cabaco,2,62,38,Right,40.6,9.7,50.9,1.3,12.2,5.8,1
Levante,Moses Simon,2,62,41,Right,52.6,2.5,64.7,11.0,14.0,0.4,1
Levante,José Campaña,2,63,21,Center,66.5,11.6,100.0,71.7,55.2,0.8,0
Leganés,Iván Cuéllar,2,64,17,Right,5.2,41.9,78.9,0.0,82.9,5.9,0
Levante,Antonio Luna,2,64,33,Back,17.9,100.0,32.3,79.3,21.4,5.5,1
Levante,Enis Bardhi,2,64,37,Back,32.3,79.3,43.2,67.3,14.1,5.7,0
Leganés,Dimitrios Siovas,2,64,39,Right,61.8,18.8,60.8,7.0,8.1,4.6,1
Leganés,Allan Nyom,2,64,40,Right,60.8,7.0,66.7,7.1,6.2,0.0,1
Levante,Rober Pier,2,65,28,Center,40.0,88.0,52.1,72.3,16.6,5.6,1
Levante,José Campaña,2,65,29,Back,52.1,72.3,43.7,50.0,17.5,4.2,1
Levante,Rúben Vezo,2,65,30,Back,43.7,50.0,49.2,70.2,14.9,1.2,1
Levante,José Campaña,2,65,36,Center,53.6,62.0,54.4,41.6,13.9,4.8,1
Levante,Jason,2,65,39,Back,54.4,41.6,44.6,37.4,10.7,3.4,1
Levante,Rúben Vezo,2,65,41,Right,43.8,33.3,57.7,2.9,25.3,5.3,1
Levante,Moses Simon,2,65,44,Back,58.6,3.5,45.1,5.9,14.3,3.0,1
Levante,Coke,2,65,47,Back,44.4,10.6,35.9,41.3,22.7,2.0,1
Levante,Rúben Vezo,2,65,50,Back,35.9,43.3,47.5,64.0,18.6,0.9,1
Levante,José Campaña,2,65,53,Left,55.5,69.7,64.9,93.0,18.7,1.0,1
Levante,Rober Pier,2,65,55,Left,65.3,92.9,63.3,82.3,7.5,4.4,1
Levante,José Campaña,2,65,57,Center,63.3,82.3,52.5,61.1,18.3,4.0,1
Levante,Rúben Vezo,2,66,0,Right,50.8,58.2,56.5,15.2,29.8,4.9,1
Levante,Coke,2,66,4,Right,63.0,12.0,68.7,2.5,8.8,5.5,1
Levante,Moses Simon,2,66,6,Right,68.7,2.3,72.5,9.8,6.5,0.9,1
Levante,Jason,2,66,8,Center,72.9,15.1,75.1,26.8,8.3,1.3,1
Levante,José Luis Morales,2,66,9,Center,75.1,24.4,79.5,33.8,7.9,0.9,1
Levante,Borja Mayoral,2,66,10,Center,79.3,34.3,74.0,41.5,7.4,2.4,1
Levante,José Luis Morales,2,66,12,Center,74.0,41.5,90.4,74.5,28.3,0.9,1
Levante,Antonio Luna,2,66,14,Center,93.9,75.0,94.9,68.4,4.6,4.9,0
Levante,Antonio Luna,2,66,20,Left,77.1,93.8,90.6,94.4,14.2,0.0,0
Leganés,Óscar Rodríguez,2,66,25,Back,7.4,3.7,14.8,5.6,7.9,0.2,1
Leganés,Iván Cuéllar,2,67,16,Center,22.6,6.5,73.6,54.6,62.7,0.5,0
Leganés,Sabin Merino,2,67,23,Center,85.0,72.7,79.9,68.2,6.2,3.7,1
Leganés,Martin Braithwaite,2,67,25,Center,77.3,66.7,69.1,57.0,10.8,3.8,1
Leganés,Rubén Pérez,2,67,26,Center,69.1,57.0,69.9,26.8,20.6,4.8,0
Levante,Antonio Luna,2,67,30,Left,30.8,94.1,60.4,94.1,31.1,0,1
Levante,Borja Mayoral,2,67,37,Center,68.3,84.5,70.0,32.4,35.5,4.8,0
Leganés,Vasyl Kravets,2,67,41,Back,27.5,65.4,22.9,58.5,6.7,3.9,1
Leganés,Dimitrios Siovas,2,67,43,Center,22.9,58.5,63.3,59.7,42.4,0.0,0
Levante,Rúben Vezo,2,67,43,Back,38.3,36.9,48.1,39.4,10.4,0.2,1
Levante,José Campaña,2,67,45,Back,48.1,39.4,48.5,5.9,22.8,4.7,1
Levante,Coke,2,67,51,Back,55.2,8.2,42.9,35.4,22.6,2.2,1
Levante,Rúben Vezo,2,67,55,Center,46.2,38.9,54.2,75.6,26.3,1.2,1
Levante,Rober Pier,2,68,0,Center,56.4,70.9,55.6,42.7,19.2,4.7,1
Levante,José Campaña,2,68,4,Right,65.7,29.7,72.6,2.3,20.0,5.1,1
Levante,Moses Simon,2,68,15,Right,72.3,0.0,56.3,7.1,17.8,2.8,1
Levante,Coke,2,68,17,Center,56.3,7.1,53.7,43.0,24.6,1.7,1
Levante,Rúben Vezo,2,68,19,Center,54.9,43.3,73.0,71.7,27.1,0.8,1
Levante,Jason,2,68,23,Left,71.6,74.2,85.0,90.5,17.9,0.7,1
Levante,Antonio Luna,2,68,26,Left,79.9,92.3,68.7,85.4,12.7,3.5,1
Levante,Rober Pier,2,68,28,Center,68.7,85.4,66.6,66.0,13.4,4.5,1
Levante,José Campaña,2,68,32,Center,69.7,60.5,77.2,45.7,12.8,5.4,1
Levante,Borja Mayoral,2,68,35,Right,72.9,40.8,68.0,7.5,23.2,4.5,1
Levante,Coke,2,68,38,Center,78.8,11.4,100.0,66.3,44.5,1.0,0
Leganés,Iván Cuéllar,2,69,44,Center,4.9,46.0,63.2,31.3,62.0,6.1,1
Levante,Rober Pier,2,69,59,Back,38.7,76.9,34.6,46.2,21.3,4.5,1
Levante,Rúben Vezo,2,70,1,Back,34.2,36.4,46.3,6.5,24.0,5.3,1
Levante,Coke,2,70,5,Back,42.1,28.6,36.1,47.5,14.3,2.0,1
Levante,Rúben Vezo,2,70,9,Right,36.8,43.7,62.4,18.9,31.7,5.7,1
Levante,Jason,2,70,11,Right,64.2,17.2,61.3,3.6,9.7,4.4,1
Levante,Moses Simon,2,70,13,Center,64.1,5.3,91.2,38.9,36.5,0.7,0
Leganés,Iván Cuéllar,2,70,28,Left,16.3,68.1,71.5,79.0,58.4,0.1,0
Levante,Coke,2,70,32,Back,33.8,15.8,26.4,51.5,25.5,1.9,1
Levante,Rober Pier,2,70,38,Back,34.9,53.1,46.8,43.7,14.0,5.8,0
Levante,Enis Bardhi,2,70,42,Back,48.5,64.9,44.4,88.9,16.9,1.8,1
Levante,Antonio Luna,2,70,45,Back,42.4,98.0,34.2,80.9,14.5,4.1,1
Levante,Rober Pier,2,70,48,Center,36.6,87.4,54.7,76.7,20.4,5.9,1
Levante,Borja Mayoral,2,70,50,Back,54.6,78.8,45.3,83.5,10.3,2.8,1
Levante,Enis Bardhi,2,70,52,Back,44.6,80.3,37.6,66.7,11.8,4.0,1
Levante,José Campaña,2,70,55,Right,38.7,62.7,58.8,1.9,46.4,5.2,1
Levante,Coke,2,71,0,Center,65.8,4.3,86.4,26.7,26.5,0.6,0
Levante,José Campaña,2,71,5,Center,66.3,34.5,72.5,47.8,11.1,0.9,1
Levante,Enis Bardhi,2,71,6,Left,72.5,50.6,93.3,82.7,30.9,0.8,1
Levante,Antonio Luna,2,71,9,Center,93.3,82.7,91.8,54.3,19.4,4.6,1
Leganés,Iván Cuéllar,2,71,44,Center,4.4,48.8,62.8,70.8,63.1,0.2,0
Levante,José Campaña,2,71,48,Back,34.0,25.0,39.0,46.9,15.8,1.2,0
Leganés,Óscar Rodríguez,2,71,50,Center,64.7,45.2,60.2,25.5,14.2,4.4,1
Leganés,Allan Nyom,2,71,55,Right,69.8,17.7,75.8,6.8,9.7,5.4,1
Leganés,Óscar Rodríguez,2,71,57,Center,75.6,14.4,90.1,70.3,40.9,1.2,1
Leganés,Vasyl Kravets,2,72,2,Center,90.1,70.3,89.9,69.7,0.5,4.2,0
Leganés,Óscar Rodríguez,2,72,40,Center,99.7,99.3,90.4,42.1,40.1,4.5,1
Levante,Aitor Fernández,2,73,3,Back,3.6,60.2,47.3,29.5,50.4,5.9,1
Leganés,Dimitrios Siovas,2,73,7,Center,48.3,71.5,100.0,59.0,56.0,6.1,0
Levante,Aitor Fernández,2,73,15,Back,4.6,40.7,13.6,8.5,23.8,5.1,1
Levante,Coke,2,73,18,Back,13.6,8.5,6.7,31.2,17.1,2.0,1
Levante,Aitor Fernández,2,73,20,Back,6.7,31.2,36.8,5.2,36.2,5.8,0
Levante,Moses Simon,2,73,52,Back,27.3,0.0,33.2,11.0,10.4,0.9,1
Leganés,Rodrigo Tarín,2,74,1,Right,31.8,28.9,68.0,4.4,41.5,5.9,1
Levante,Antonio Luna,2,74,37,Back,25.4,100.0,38.2,82.8,18.5,5.5,0
Leganés,Kenneth Omeruo,2,74,38,Right,60.5,13.2,71.7,0.0,15.7,5.6,0
Levante,Antonio Luna,2,74,48,Left,34.1,100.0,66.0,95.9,33.7,6.2,0
Leganés,Rodrigo Tarín,2,74,53,Back,34.6,2.0,35.8,15.9,9.5,1.4,1
Leganés,Dimitrios Siovas,2,74,55,Back,35.8,15.9,35.3,0.0,12.2,4.7,0
Levante,Antonio Luna,2,75,1,Back,67.0,100.0,43.6,92.4,25.4,3.4,1
Levante,Rober Pier,2,75,5,Back,46.8,90.0,38.2,57.3,24.0,4.3,1
Levante,Rúben Vezo,2,75,9,Back,47.0,41.8,47.5,5.9,24.4,4.7,1
Levante,Coke,2,75,12,Back,44.8,7.9,22.6,54.6,39.4,2.2,1
Levante,Aitor Fernández,2,75,18,Left,28.0,52.4,89.4,100.0,72.8,0.5,0
Leganés,Rodrigo Tarín,2,75,43,Back,26.5,0.0,42.3,8.2,18.0,0.4,0
Levante,José Campaña,2,75,45,Left,58.9,89.4,65.3,86.5,7.0,6.0,0
Leganés,Óscar Rodríguez,2,75,48,Right,40.5,9.9,60.4,14.7,21.1,0.2,0
Levante,Rober Pier,2,75,48,Center,40.2,84.7,54.4,78.2,15.6,6.0,0
Leganés,Rubén Pérez,2,75,50,Right,45.0,18.8,61.8,11.7,18.3,6.0,0
Levante,Rober Pier,2,75,52,Back,38.5,84.2,43.2,87.4,5.4,0.4,1
Levante,Antonio Luna,2,75,53,Back,40.6,89.9,44.2,76.4,9.9,5.1,1
Levante,José Campaña,2,75,55,Back,43.9,76.3,29.3,65.1,17.1,3.6,1
Levante,Rúben Vezo,2,75,57,Back,29.7,58.4,36.5,25.0,23.8,5.0,1
Levante,Coke,2,76,2,Back,38.5,23.1,34.4,42.1,13.6,1.9,1
Levante,Rúben Vezo,2,76,5,Back,34.4,42.1,44.1,74.5,24.3,1.1,1
Levante,José Campaña,2,76,11,Back,52.0,77.9,46.8,53.1,17.7,4.4,1
Levante,Rúben Vezo,2,76,18,Center,54.4,43.9,72.7,44.2,19.2,0.0,1
Levante,Borja Mayoral,2,76,20,Center,72.7,44.2,69.6,53.1,6.9,2.1,1
Leganés,Recio,2,76,25,Back,22.7,63.4,8.3,51.8,17.1,3.6,1
Leganés,Iván Cuéllar,2,76,26,Center,8.3,51.8,61.1,64.8,56.1,0.2,0
Levante,Rúben Vezo,2,76,30,Right,45.1,33.7,57.5,6.5,22.6,5.3,1
Levante,Jason,2,76,36,Center,64.1,7.0,71.1,27.9,16.0,1.1,0
Leganés,Rubén Pérez,2,76,39,Back,27.8,74.2,42.1,75.6,15.0,0.1,1
Leganés,Martin Braithwaite,2,76,41,Back,42.1,75.6,39.3,95.0,13.5,1.8,1
Leganés,Vasyl Kravets,2,76,45,Left,55.3,95.0,59.3,81.4,10.2,5.1,1
Leganés,Martin Braithwaite,2,76,49,Center,66.1,75.0,66.8,58.8,11.0,4.8,1
Levante,Aitor Fernández,2,77,10,Back,3.8,42.4,25.3,92.9,41.1,1.0,1
Levante,Antonio Luna,2,77,13,Back,25.5,92.7,16.4,84.2,11.2,3.7,1
Levante,Rober Pier,2,77,18,Back,26.0,63.3,29.7,29.2,23.5,4.9,1
Levante,Rúben Vezo,2,77,21,Back,29.7,29.2,49.6,4.0,27.0,5.6,1
Levante,Jason,2,77,24,Back,49.6,4.0,40.9,9.1,9.8,2.8,1
Levante,Coke,2,77,28,Center,44.4,21.3,54.8,49.5,22.1,1.1,1
Levante,José Luis Morales,2,77,30,Center,54.0,48.2,52.5,68.1,13.6,1.7,1
Levante,José Campaña,2,77,33,Left,52.5,68.1,67.7,92.4,23.0,0.8,1
Levante,Antonio Luna,2,77,36,Center,70.5,94.7,60.9,71.4,18.8,4.1,1
Levante,José Campaña,2,77,38,Center,60.9,71.4,56.2,45.2,18.5,4.4,1
Levante,Rúben Vezo,2,77,42,Center,70.4,33.0,79.1,55.5,17.8,1.0,1
Levante,Roger Martí,2,77,44,Center,79.1,55.5,81.9,49.1,5.3,5.3,1
Levante,Borja Mayoral,2,77,45,Center,81.9,49.1,78.5,53.9,4.8,2.4,0
Leganés,Recio,2,77,49,Back,23.8,67.6,28.9,64.8,5.7,5.9,1
Levante,Rober Pier,2,77,52,Left,65.5,56.7,73.0,79.9,17.6,1.1,1
Levante,Antonio Luna,2,77,55,Center,73.0,79.9,78.0,70.0,8.5,5.4,1
Levante,José Campaña,2,78,37,Center,99.5,99.5,97.9,57.6,28.5,4.7,0
Levante,Enis Bardhi,2,78,46,Left,73.7,100.0,61.6,88.9,15.5,3.8,1
Levante,Antonio Luna,2,78,50,Center,66.0,89.7,89.8,42.8,40.5,5.4,1
Leganés,Iván Cuéllar,2,80,49,Center,5.4,50.6,58.5,73.3,57.9,0.3,0
Levante,Jason,2,80,54,Right,42.3,19.8,58.5,15.2,17.3,6.1,1
Levante,Coke,2,82,18,Back,54.0,0.0,44.8,29.2,23.1,2.0,1
Levante,Rober Pier,2,82,22,Right,53.1,44.3,53.6,5.2,26.6,4.7,1
Levante,Coke,2,82,25,Right,56.7,7.7,75.8,11.1,20.2,0.1,1
Levante,Enis Bardhi,2,82,26,Right,75.5,10.7,72.8,3.2,5.8,4.2,1
Leganés,Vasyl Kravets,2,82,51,Left,42.6,100.0,55.4,86.3,17.1,5.6,1
Leganés,Óscar Rodríguez,2,82,52,Center,58.1,86.2,60.8,69.1,12.0,5.0,0
Levante,José Luis Morales,2,82,55,Back,41.3,35.5,15.4,46.1,28.1,2.9,1
Levante,Aitor Fernández,2,82,59,Back,19.9,45.7,25.3,27.0,13.9,5.1,1
Levante,Rúben Vezo,2,83,1,Back,26.6,29.7,30.4,68.5,26.7,1.4,1
Levante,Rober Pier,2,83,8,Right,44.8,58.5,60.0,5.5,39.4,5.1,1
Levante,Coke,2,83,13,Right,60.0,5.5,71.5,4.0,12.1,6.2,1
Levante,Jason,2,83,14,Right,71.5,4.0,75.8,7.0,5.0,0.4,1
Levante,Enis Bardhi,2,83,16,Center,74.8,9.4,90.1,56.9,36.1,1.1,1
Levante,Borja Mayoral,2,83,19,Center,85.9,61.6,94.0,55.5,9.5,5.8,0
Leganés,Iván Cuéllar,2,83,35,Back,14.7,37.3,44.7,27.0,32.3,6.1,0
Levante,José Luis Morales,2,83,41,Center,70.8,75.1,74.4,73.9,3.9,6.1,1
Levante,Roger Martí,2,83,43,Center,78.5,70.3,86.7,71.1,8.6,0.1,1
Levante,Borja Mayoral,2,83,45,Center,86.5,69.7,88.9,55.3,10.1,5.0,0
Leganés,Juanfran,2,84,19,Back,18.9,0.0,34.8,5.8,17.4,0.3,0
Levante,José Campaña,2,84,21,Left,61.2,94.1,65.8,92.1,5.0,6.0,1
Levante,Antonio Luna,2,84,23,Left,65.8,92.1,70.1,87.2,5.6,5.6,0
Leganés,Rubén Pérez,2,84,24,Center,30.9,14.7,71.3,28.3,43.4,0.2,0
Levante,Rúben Vezo,2,84,26,Back,25.2,75.7,14.3,71.1,11.9,3.4,1
Levante,Aitor Fernández,2,84,28,Back,14.3,71.1,36.6,17.9,43.1,5.3,1
Levante,Coke,2,84,37,Back,48.4,16.7,38.0,39.4,18.9,2.2,1
Levante,Rúben Vezo,2,84,40,Back,38.0,39.4,43.8,73.2,23.8,1.3,1
Levante,José Campaña,2,84,48,Center,56.1,78.4,56.7,59.6,12.8,4.8,1
Levante,José Luis Morales,2,84,51,Center,60.3,52.5,74.0,57.5,14.8,0.2,1
Levante,Borja Mayoral,2,84,53,Center,74.0,57.5,75.3,39.8,12.1,4.8,1
Levante,Roger Martí,2,84,54,Center,75.3,39.8,85.6,49.1,12.5,0.5,0
Levante,Rober Pier,2,84,59,Center,60.5,61.4,53.8,40.0,16.2,4.3,1
Levante,Rúben Vezo,2,85,1,Right,60.2,31.2,69.8,2.6,21.9,5.2,1
Levante,Coke,2,85,3,Right,69.8,2.6,80.4,14.6,13.8,0.6,1
Levante,Coke,2,85,46,Right,85.0,0.0,95.4,8.2,12.5,0.5,1
Levante,Enis Bardhi,2,85,47,Right,95.4,8.2,89.9,2.3,7.0,3.7,1
Levante,Coke,2,85,48,Center,89.9,2.3,93.3,58.1,38.1,1.5,0
Levante,Rober Pier,2,85,55,Left,72.2,83.9,82.1,89.3,11.0,0.3,1
Levante,Antonio Luna,2,85,57,Left,82.1,89.3,71.7,88.6,10.9,3.2,1
Levante,Rober Pier,2,85,59,Center,71.7,88.0,91.0,24.3,47.8,5.1,1
Leganés,Sabin Merino,2,86,9,Back,26.0,69.7,25.9,62.9,4.6,4.7,1
Leganés,Rubén Pérez,2,86,10,Back,25.9,62.9,40.4,90.3,24.1,0.9,1
Leganés,Vasyl Kravets,2,86,21,Center,97.7,70.9,92.0,42.8,20.0,4.4,1
Leganés,Juanfran,2,86,28,Center,96.6,17.3,92.8,54.3,25.5,1.7,1
Levante,Coke,2,86,35,Back,8.5,13.1,30.1,23.9,23.8,0.3,1
Levante,Roger Martí,2,86,37,Back,28.6,15.3,39.2,3.4,13.8,5.7,1
Levante,Jason,2,86,40,Back,37.7,3.7,48.3,21.5,16.4,0.8,1
Levante,José Campaña,2,87,18,Center,51.8,23.0,65.4,67.5,33.5,1.1,1
Levante,José Luis Morales,2,87,21,Left,65.4,67.5,66.4,90.0,15.3,1.5,1
Levante,Enis Bardhi,2,87,24,Right,63.0,87.5,72.2,16.1,49.5,4.9,0
Leganés,Vasyl Kravets,2,87,30,Center,25.9,88.7,53.8,55.8,36.9,5.6,0
Levante,Rúben Vezo,2,87,30,Center,47.0,42.1,54.4,26.4,13.2,5.3,1
Levante,José Campaña,2,87,31,Back,54.4,26.4,34.6,50.9,26.6,2.5,1
Levante,Rúben Vezo,2,87,36,Back,36.6,54.2,44.7,60.2,9.4,0.4,1
Levante,Enis Bardhi,2,87,39,Back,45.6,63.4,44.8,81.2,12.1,1.6,1
Levante,Rober Pier,2,87,42,Left,51.9,81.2,60.5,90.6,11.1,0.6,1
Levante,Antonio Luna,2,87,44,Back,58.4,89.9,43.4,82.0,16.6,3.5,1
Levante,Rober Pier,2,87,46,Back,43.1,82.0,47.4,52.8,20.4,4.9,1
Levante,José Campaña,2,87,49,Center,47.5,43.4,67.7,24.3,24.9,5.7,1
Levante,Jason,2,87,51,Center,67.7,24.3,85.8,44.6,23.5,0.6,0
Leganés,Iván Cuéllar,2,88,3,Center,16.6,66.4,56.2,63.9,41.6,6.2,0
Levante,Rober Pier,2,88,16,Back,39.5,67.9,47.8,87.2,15.8,1.0,1
Levante,Antonio Luna,2,88,21,Center,45.7,71.5,60.8,63.7,16.7,6.0,1
Levante,José Luis Morales,2,88,28,Right,55.8,33.0,67.3,3.1,23.6,5.2,1
Levante,Coke,2,88,33,Center,66.2,15.3,59.3,41.0,18.9,2.0,1
Levante,José Campaña,2,88,35,Center,63.9,45.1,73.7,56.9,13.0,0.7,1
Levante,Borja Mayoral,2,88,38,Center,71.9,46.1,75.0,31.6,10.4,5.0,1
Levante,Jason,2,88,39,Right,75.0,31.3,85.9,12.9,17.0,5.5,1
Levante,Coke,2,88,41,Center,85.6,12.8,91.5,46.3,23.6,1.3,1
Leganés,Iván Cuéllar,2,89,19,Center,5.3,59.1,72.5,77.3,71.6,0.2,0
Levante,Coke,2,89,20,Back,24.1,22.4,14.1,43.0,17.5,2.2,1
Levante,Aitor Fernández,2,89,23,Back,16.2,48.2,29.0,75.6,23.0,0.9,1
Levante,Rober Pier,2,89,30,Right,52.7,68.7,58.2,6.5,42.7,4.8,1
Levante,Coke,2,89,38,Right,61.3,12.2,100.0,3.7,42.4,6.1,0
Leganés,Iván Cuéllar,2,90,9,Center,5.1,59.1,69.0,66.7,67.3,0.1,0
Levante,José Campaña,2,90,13,Back,30.9,35.4,39.2,70.5,25.4,1.2,1
Levante,Antonio Luna,2,90,17,Left,48.0,83.0,97.0,100.0,52.8,0.2,0
Leganés,Juanfran,2,90,36,Back,9.3,0.0,30.6,8.0,23.2,0.3,0
Levante,José Campaña,2,90,40,Center,62.6,93.3,51.9,64.2,22.8,4.2,1
Levante,Rúben Vezo,2,90,43,Center,51.9,64.2,59.0,32.7,22.7,5.0,1
Levante,Coke,2,90,48,Center,61.5,27.4,55.8,44.6,13.1,2.0,1
Levante,Rúben Vezo,2,90,53,Right,61.2,38.5,73.0,0.0,30.2,5.1,0
Leganés,Rodrigo Tarín,2,91,15,Back,25.3,100.0,40.9,98.0,16.6,6.1,0
Levante,Jason,2,91,15,Right,58.7,3.4,66.0,3.4,7.7,0,1
Levante,José Campaña,2,91,41,Center,69.5,4.6,91.6,62.0,45.4,1.0,0
Levante,Rúben Vezo,2,91,50,Left,80.0,100.0,58.5,89.1,24.1,3.5,1
Levante,Antonio Luna,2,91,54,Left,59.2,88.7,67.8,95.3,10.1,0.5,1
Levante,Rúben Vezo,2,91,56,Left,67.8,95.3,59.5,86.0,10.8,3.8,1
Levante,Antonio Luna,2,92,0,Left,60.4,76.0,70.0,92.6,15.1,0.8,1
Levante,Enis Bardhi,2,92,7,Left,69.1,86.3,71.7,92.7,5.1,1.0,1
Levante,Antonio Luna,2,92,10,Left,69.2,94.8,76.4,84.7,10.2,5.5,1
Leganés,Allan Nyom,2,92,14,Right,13.0,24.9,80.1,17.6,70.6,6.2,0
Levante,Aitor Fernández,2,92,19,Back,19.8,83.3,27.3,79.0,8.4,5.9,1
Levante,Rúben Vezo,2,92,22,Back,27.9,77.0,37.3,91.1,13.8,0.8,1
Levante,Rober Pier,2,92,25,Center,43.9,89.3,88.9,70.5,48.9,6.0,0
Leganés,Iván Cuéllar,2,92,41,Center,15.1,58.7,70.6,38.5,59.9,6.1,0
Levante,Rúben Vezo,2,92,46,Back,27.2,63.7,30.5,27.3,25.0,4.9,1
Levante,Coke,2,92,48,Back,30.5,27.3,40.2,15.6,12.9,5.6,0
Levante,Roger Martí,2,92,53,Back,45.3,4.0,48.1,4.2,2.9,0.0,0
Leganés,Recio,2,92,57,Left,57.8,96.2,65.8,94.8,8.5,6.2,1
Leganés,Sabin Merino,2,93,2,Center,64.2,70.6,58.2,70.3,6.3,3.2,1
Leganés,Rubén Pérez,2,93,4,Left,58.2,70.3,73.9,95.6,23.8,0.8,1
Levante,Coke,2,93,14,Back,2.6,5.2,5.1,11.9,5.3,1.0,1
Levante,Roger Martí,2,93,15,Back,5.1,11.9,4.7,2.6,6.3,4.6,1
Levante,Coke,2,93,16,Back,4.7,2.6,6.1,4.6,2.0,0.7,0
Levante,Coke,2,93,27,Back,7.8,0.0,3.8,43.1,31.0,1.7,1
Levante,Aitor Fernández,2,93,30,Back,3.8,43.1,21.7,72.6,27.5,0.8,1
Levante,Rober Pier,2,93,34,Left,25.8,71.7,65.2,100.0,46.0,0.5,0
Leganés,Juanfran,2,94,5,Center,31.8,0.0,55.6,33.1,34.6,0.8,1
Leganés,Sabin Merino,2,94,8,Right,55.6,33.1,87.7,14.1,36.1,5.9,1
Leganés,Martin Braithwaite,2,94,16,Center,90.6,24.3,90.1,50.1,17.6,1.6,1
Levante,Aitor Fernández,2,94,47,Back,4.1,58.2,44.6,89.9,47.7,0.5,1
Levante,José Campaña,2,95,7,Left,44.5,88.4,65.0,90.3,21.6,0.1,1
Levante,Antonio Luna,2,95,10,Center,67.1,91.1,84.9,53.3,31.8,5.3,1
